<?xml version="1.0" encoding="ISO-8859 1"?>

<!DOCTYPE cv [
<!ELEMENT cv(name,PersonalInfo,Skills,Programming-Languages,Experience,Education,OtherSkills)>
<!ELEMENT name(#PCDATA)>
<!ELEMENT PersonalInfo(email,phone,address)>
<!ELEMENT PersonalInfo(#PCDATA)>
<!ELEMENT email(#PCDATA)>
<!ELEMENT phone(#PCDATA)>
<!ELEMENT address(#PCDATA)>
<!ELEMENT Skills(Problem Solving,Decision Making,Leadership,Collaboration,CriticalThinking)>
<!ELEMENT Skills(#PCDATA)>
<!ELEMENT Problem Solving(#PCDATA)>
<!ELEMENT Leadership(#PCDATA)>
<!ELEMENT Collaboration(#PCDATA)>
<!ELEMENT Decision Making(#PCDATA)>
<!ELEMENT CriticalThinking(#PCDATA)>
<!ELEMENT Programming-Languages(Core-Java,javaEE,C#,php,JavaScript)>
<!ELEMENT Programming-Languages(#PCDATA)>
<!ELEMENT Core-java(#PCDATA)>
<!ELEMENT JavaEE(#PCDATA)>
<!ELEMENT C#(#PCDATA)>
<!ELEMENT php(#PCDATA)>
<!ELEMENT JavaScript(#PCDATA)>
<!ELEMENT Education(StartDate,EndDate,Degree,department,CGPA)>
<!ELEMENT Education(#PCDATA)>
<!ELEMENT StartDate(#PCDATA)>
<!ELEMENT EndDate(#PCDATA)>
<!ELEMENT Degree(#PCDATA)>
<!ELEMENT department(#PCDATA)>
<!ELEMENT CGPA(#PCDATA)>
<!ELEMENT OtherSkills(Writting)>
<!ELEMENT OtherSkills(#PCDATA)>
<!ELEMENT Writting(#PCDATA)>
]>


<xs:element name="cv">
	<xs:complexType>
		<xs:sequence>
			<xs:element name="PersonalInfo">
				<xs:complexType>
					<xs:sequence>
						<xs:element name="email" type="xs:string"/>
						<xs:element name="phone" type="xs:string"/>
						<xs:element name="address" type="xs:string"/>
					</xs:sequence>
				</xs:complexType>
			</xs:element>

			
			<xs:element name="Skills">
				<xs:complexType>
					<xs:sequence>
						<xs:element name="Problem-Solving" type="xs:string"/>
						<xs:element name="Decision-Making" type="xs:string"/>
						<xs:element name="Leadership" type="xs:string"/>
						<xs:element name="Collaboration" type="xs:string"/>
						<xs:element name="CriticalThinking" type="xs:string"/>
					</xs:sequence>
				</xs:complexType>
			</xs:element>

			<xs:element name="Programming-Languages">
				<xs:complexType>
					<xs:sequence>
						<xs:element name="Core-Java" type="xs:string"/>
						<xs:element name="JavaEE" type="xs:string"/>
						<xs:element name="C#" type="xs:string"/>
						<xs:element name="php" type="xs:string"/>
						<xs:element name="JavaScript" type="xs:string"/>
					</xs:sequence>
				</xs:complexType>
			</xs:element>

			<xs:element name="Experience" type="xs:string"/>
			
			<xs:element name="Education">
				<xs:complexType>
					<xs:sequence>
						<xs:element name="University" type="xs:string"/>
						<xs:element name="StartDate" type="xs:string"/>
						<xs:element name="EndDate" type="xs:string"/>
						<xs:element name="degree" type="xs:string"/>
						<xs:element name="CGPA" type="xs:string"/>
					</xs:sequence>
				</xs:complexType>
			</xs:element>

		</xs:sequence>
	</xs:complexType>
</xs:element>


                        <!-- CV -->

<cv>
<name>Bhatti Azhar</name>

<PersonalInfo>
	<email>azharbhatti2016@gmail.com</email>
	<phone>03003417452</phone>
	<address>H#56 near haq madina masjid, jamali colony, sakrand road, Nawabshah </address>
</PersonalInfo>

<SoftSkills>
	<Decision-Making>Expert</Decision-Making>
	<Problem-Solving>Expert</Problem-Solving>
	<Leadership>Expert</Leadership>
	<Collaboration>advanced</Collaboration>
	<CriticalThinking>advanced</CriticalThinking>
</SoftSkills>

<Languages>
	<Core-Java>Expert</Core-Java>
	<JavaEE>Expert</JavaEE>
	<C#>Basic</C#>
	<php>Intermediate</php>
	<JavaScript>Advanced</JavaScript>
</Languages>

<Experience>2 Years of Experience as java Developer in Geeks Consultants Services</Experience>

<Education>
	<Graduation>BE</Graduation>
	<university>Mehran UET jamshoro</university>
	<CGPA>3.25</CGPA>
	<StartDate>2016</StartDate>
	<EndDate>2019</EndDate>
</Education>


</cv>