<?xml version="1.0" encoding="ISO-8859 1"?>

<!DOCTYPE university [
<!ELEMENT university(department)>
<!ELEMENT department(Chemical)>
<!ELEMENT software(classrooms, labs, teachers, students)>
<!ELEMENT labs(#PCDATA)>
<!ELEMENT classrooms(#PCDATA)>
<!ELEMENT teachers(#PCDATA)>
<!ELEMENT total_teachers(#PCDATA)>
<!ELEMENT associate_professors(#PCDATA)>
<!ELEMENT professors(#PCDATA)>
<!ELEMENT assistant_professors(#PCDATA)>
<!ELEMENT students(batch,total_students)>
<!ELEMENT batch(#PCDATA)>
<!ELEMENT Rollnumber(#PCDATA)>
]>


<xs:element name="university">
	<xs:complexType>
		<xs:sequence>
			<xs:element name="department">
				<xs:complexType>
					<xs:sequence>
						<xs:element name="software">
						  <xs:complexType>
							<xs:sequence>
							<xs:element name="classrooms" type="xs:string"/>
							<xs:element name="labs" type="xs:string"/>
							<xs:element name="teachers" type="xs:string"/>
							<xs:complexType>
								<xs:sequence>
									<xs:element name="total_teachers" type="xs:string">
									<xs:element name="professors" type="xs:string">
									<xs:element name="associate_professors" type="xs:string">
									<xs:element name="assistant_professors" type="xs:string">
								</xs:sequence>
							</xs:complexType>
							<xs:element name="students" ype="xs:string"/>
								<xs:complexType>
									<xs:sequence>
										<xs:element name="batch" type="xs:string">
										<xs:element name="Rollnumber" type="xs:string">
									</xs:sequence>
								</xs:complexType>	

				</xs:element>
			</xs:sequence>
		</xs:complexType>
</xs:element>
</xs:sequence>
</xs:complexType>
</xs:element>


<university>
	<department>
		<Chemical>
			<labs>6</labs>
			<classrooms>4</classrooms>
			<teachers>
				<total_teachers>30</total_teachers>
				<associate_professors>8</associate_professors>
				<assistant_professors>10</assistant_professors>
				<professors>12</professors>
			</teachers>
			<students>
				<batch>16 Batch</batch>
				<total_teachers>50</total_teachers>
			</students>
		</Chemical>
	</department>
</university>